"dpto","mpio","codigos","LAT_CIU_NAC","LON_CIU_NAC"
"LA GUAJIRA","URIBIA","44-847","11.7152021401","-72.2657462846"
"LA GUAJIRA","MANAURE","44-560","11.7699944929","-72.4411882986"
"LA GUAJIRA","MAICAO","44-430","11.3774000042","-72.2430361521"
"LA GUAJIRA","RIOHACHA","44-001","11.5291254274","-72.9122712549"
"LA GUAJIRA","DIBULLA","44-090",NA,NA
"MAGDALENA","SANTA MARTA","47-001","11.2257031416","-74.1883970496"
"LA GUAJIRA","HATONUEVO","44-378","11.0672820787","-72.7625018015"
"LA GUAJIRA","BARRANCAS","44-078","10.9531042648","-72.7961870689"
"MAGDALENA","CIENAGA","47-189","11.0074328111","-74.241368069"
"ATLANTICO","BARRANQUILLA","08-001","10.9796493947","-74.8187880943"
"MAGDALENA","SITIONUEVO","47-745",NA,NA
"ATLANTICO","PUERTO COLOMBIA","08-573","10.9855255232","-74.9587617808"
"LA GUAJIRA","DISTRACCION","44-098",NA,NA
"LA GUAJIRA","FONSECA","44-279","10.8866438","-72.8504714896"
"LA GUAJIRA","SAN JUAN DEL CESAR","44-650","10.7707349804","-73.0017013871"
"MAGDALENA","PUEBLOVIEJO","47-570",NA,NA
"ATLANTICO","TUBARA","08-832","10.8739845528","-74.9786114088"
"ATLANTICO","GALAPA","08-296","10.9042960533","-74.8831352334"
"ATLANTICO","SOLEDAD","08-758","10.9056320841","-74.7923421864"
"ATLANTICO","MALAMBO","08-433","10.8125654841","-74.8411152764"
"ATLANTICO","JUAN DE ACOSTA","08-372","10.8299007844","-75.0321458392"
"CESAR","VALLEDUPAR","20-001","10.4615184337","-73.2586483431"
"MAGDALENA","ARACATACA","47-053","10.5906724298","-74.1858590204"
"ATLANTICO","BARANOA","08-078","10.7899331958","-74.9181077454"
"ATLANTICO","SABANAGRANDE","08-634","10.7907678504","-74.7568486996"
"ATLANTICO","POLONUEVO","08-558",NA,NA
"ATLANTICO","PIOJO","08-549","10.7403198534339","-75.1439353034664"
"ATLANTICO","USIACURI","08-849",NA,NA
"BOLIVAR","SANTA CATALINA","13-673",NA,NA
"ATLANTICO","SANTO TOMAS","08-685","10.7580629353","-74.7524390475"
"ATLANTICO","PALMAR DE VARELA","08-520","10.740602082","-74.7537459302"
"MAGDALENA","EL RETEN","47-268",NA,NA
"MAGDALENA","REMOLINO","47-605","10.7018473844","-74.716544936"
"ATLANTICO","SABANALARGA","08-638","10.6338334111","-74.9206251244"
"ATLANTICO","PONEDERA","08-560",NA,NA
"ATLANTICO","LURUACO","08-421","10.6108621963","-75.1423516448"
"BOLIVAR","CARTAGENA DE INDIAS","13-001","10.182784623","-75.5115044653"
"BOLIVAR","CARTAGENA DE INDIAS","13-001","10.3988164844","-75.501229216"
"CESAR","PUEBLO BELLO","20-570","10.4149687931","-73.5870059442"
"MAGDALENA","PIVIJAY","47-551","10.4613440094","-74.6153957047"
"LA GUAJIRA","VILLANUEVA","44-874","10.610184984","-72.9775939067"
"LA GUAJIRA","EL MOLINO","44-110","10.651063157","-72.9216582848"
"MAGDALENA","FUNDACION","47-288","10.5138500419","-74.1911819159"
"BOLIVAR","CLEMENCIA","13-222",NA,NA
"ATLANTICO","REPELON","08-606","10.4943070644","-75.1245913597"
"MAGDALENA","SALAMINA","47-675",NA,NA
"ATLANTICO","CANDELARIA","08-141","10.4591778633","-74.8791248338"
"LA GUAJIRA","URUMITA","44-855","10.5599833381","-73.0133716879"
"ATLANTICO","MANATI","08-436",NA,NA
"BOLIVAR","SANTA ROSA","13-683","10.4454727189","-75.3691024298"
"BOLIVAR","VILLANUEVA","13-873","10.610184984","-72.9775939067"
"MAGDALENA","EL PIÑON","47-258","10.4010789014","-74.8251113994"
"ATLANTICO","CAMPO DE LA CRUZ","08-137",NA,NA
"CESAR","LA PAZ","20-621","10.3864677933","-73.1726913052"
"BOLIVAR","SAN ESTANISLAO","13-647","10.3982507972","-75.1500702017"
"CESAR","MANAURE","20-443","10.3907483154","-73.028834101"
"BOLIVAR","SOPLAVIENTO","13-760",NA,NA
"BOLIVAR","SAN CRISTOBAL","13-620",NA,NA
"BOLIVAR","TURBACO","13-836","10.3357902885","-75.4155469089"
"CESAR","EL COPEY","20-238","10.1491321093","-73.9613702508"
"ATLANTICO","SANTA LUCIA","08-675",NA,NA
"MAGDALENA","CERRO SAN ANTONIO","47-161","10.3262615876","-74.8687983704"
"BOLIVAR","CALAMAR","13-140","10.2510248106","-74.9138095675"
"CESAR","SAN DIEGO","20-750","10.3336927783","-73.1807287956"
"ATLANTICO","SUAN","08-770",NA,NA
"BOLIVAR","ARJONA","13-052","10.2572499523","-75.3455275963"
"BOLIVAR","MAHATES","13-433","10.2331675046","-75.1906885946"
"BOLIVAR","TURBANA","13-838","10.2707782012","-75.4443201111"
"MAGDALENA","PEDRAZA","47-541","10.1869655901","-74.916535341"
"MAGDALENA","CHIVOLO","47-170",NA,NA
"CESAR","AGUSTIN CODAZZI","20-013","10.0403645547","-73.2374314486"
"BOLIVAR","EL GUAMO","13-248",NA,NA
"SUCRE","SAN ONOFRE","70-713","9.73339187649","-75.530327312"
"BOLIVAR","SAN JUAN NEPOMUCENO","13-657","9.95138127677","-75.0836663042"
"BOLIVAR","MARIA LA BAJA","13-442","10.0519818532","-75.2681654757"
"CESAR","BOSCONIA","20-060","9.97437199423","-73.888041926"
"MAGDALENA","TENERIFE","47-798",NA,NA
"MAGDALENA","PLATO","47-555","9.79340260608","-74.7836448308"
"MAGDALENA","ARIGUAINI","47-058","9.84737240107","-74.2362155595"
"CESAR","BECERRIL","20-045","9.70413367081","-73.2781073363"
"BOLIVAR","SAN JACINTO","13-654","9.83065775253","-75.1217447993"
"BOLIVAR","EL CARMEN DE BOLIVAR","13-244","9.71803422099","-75.1211388325"
"CESAR","EL PASO","20-250",NA,NA
"BOLIVAR","ZAMBRANO","13-894","9.75140245083","-74.8258813861"
"MAGDALENA","SANTA ANA","47-707","9.32286178066","-74.56741811"
"MAGDALENA","PIJIÑO DEL CARMEN","47-545",NA,NA
"SUCRE","OVEJAS","70-508","9.52598596406","-75.2288076868"
"CESAR","LA JAGUA DE IBIRICO","20-400","9.56286705626","-73.3355518107"
"SUCRE","CHALAN","70-230",NA,NA
"BOLIVAR","CORDOBA","13-212","0.853665965806","-77.51806895"
"SUCRE","TOLUVIEJO","70-823","9.45318799461","-75.4395557882"
"SUCRE","COLOSO","70-204","9.49094661829","-75.3557164394"
"CESAR","CHIRIGUANA","20-178","9.36137942001","-73.6009132147"
"CESAR","ASTREA","20-032","9.49533435313","-73.9753900254"
"SUCRE","SAN PEDRO","70-717","3.99415724449","-76.229433837"
"CESAR","CHIMICHAGUA","20-175","9.25788108195","-73.8130833029"
"SUCRE","LOS PALMITOS","70-418","9.3801770601","-75.26813259"
"SUCRE","MORROA","70-473","9.32892494265","-75.3103986052"
"MAGDALENA","SAN SEBASTIAN DE BUENAVISTA","47-692","9.24098424823","-74.3474746121"
"MAGDALENA","SAN ZENON","47-703","9.24400707382","-74.4997338344"
"BOLIVAR","MAGANGUE","13-430","8.99261335751","-74.5867279829"
"SUCRE","BUENAVISTA","70-110","5.51174852719","-73.9409990293"
"CORDOBA","SAN ANTERO","23-672","9.3709325454","-75.762201967"
"CORDOBA","SAN BERNARDO DEL VIENTO","23-675","9.35387799342","-75.9540444905"
"SUCRE","SINCELEJO","70-001","9.30015762595","-75.385219416"
"BOLIVAR","TALAIGUA NUEVO","13-780","9.30540280812","-74.567911851"
"SUCRE","SINCE","70-742","9.24448244293","-75.1466720381"
"SUCRE","PALMITO","70-523",NA,NA
"SUCRE","SAN JUAN DE BETULIA","70-702","9.27457243391","-75.2429969111"
"CESAR","CURUMANI","20-228","9.2003397841","-73.5413642738"
"MAGDALENA","GUAMAL","47-318","3.87974360369","-73.7701203762"
"SUCRE","COROZAL","70-215","9.32068414479","-75.2920234071"
"MAGDALENA","EL BANCO","47-245","8.99831827352","-73.979391715"
"CORDOBA","MOÑITOS","23-500","9.24470996414","-76.134916122"
"CORDOBA","LORICA","23-417","9.10501029486","-75.8066454098"
"CORDOBA","PURISIMA","23-586",NA,NA
"CORDOBA","MOMIL","23-464","9.24002156913","-75.6766729838"
"BOLIVAR","MOMPOS","13-468","9.24102197372","-74.4257994296"
"BOLIVAR","CICUCO","13-188",NA,NA
"NORTE DE SANTANDER","EL CARMEN","54-245","8.51075882437","-73.4467753988"
"CORDOBA","SAN ANDRES DE SOTAVENTO","23-670","9.05864513693","-75.5713391127"
"CORDOBA","SAN ANDRES DE SOTAVENTO","23-670","9.14488624683","-75.5086994626"
"NORTE DE SANTANDER","CONVENCION","54-206","8.46999501786","-73.3371949282"
"BOLIVAR","SAN FERNANDO","13-650","9.21887135796","-74.3349148269"
"SUCRE","SAMPUES","70-670","9.1824393291","-75.379179641"
"CORDOBA","CHIMA","23-168","9.14934447081","-75.6273818148"
"BOLIVAR","MARGARITA","13-440","9.15914023623","-74.293740633"
"SUCRE","GALERAS","70-235","9.15980328043","-75.0493364928"
"CORDOBA","COTORRA","23-300","9.04026968268","-75.7855680706"
"CORDOBA","CHINU","23-182","9.10415277266","-75.4016749242"
"NORTE DE SANTANDER","TEORAMA","54-800","8.43723373402","-73.2869854333"
"CORDOBA","PUERTO ESCONDIDO","23-574","9.00219120432","-76.2614747184"
"NORTE DE SANTANDER","TIBU","54-810","8.63971770051","-72.7359193717"
"SUCRE","SAN BENITO ABAD","70-678","8.92992440782","-75.0313690338"
"CORDOBA","SAN PELAYO","23-686","8.95261525797","-75.8322173185"
"CESAR","TAMALAMEQUE","20-787",NA,NA
"BOLIVAR","PINILLOS","13-549",NA,NA
"CESAR","PAILITAS","20-517","8.93887217771","-73.5721450529"
"SUCRE","SUCRE","70-771","5.91903257843","-73.7914904516"
"CORDOBA","CIENAGA DE ORO","23-189","8.87817659518","-75.6221093386"
"BOLIVAR","HATILLO DE LOBA","13-300","8.94870933834","-74.2215352836"
"CORDOBA","SAHAGUN","23-660","8.94250255224","-75.436794027"
"BOLIVAR","EL PEÑON","13-268","5.24908341275","-74.2901625904"
"BOLIVAR","SAN MARTIN DE LOBA","13-667","8.93716481344","-74.0382545181"
"CORDOBA","LOS CORDOBAS","23-419","8.89510878077","-76.354709992"
"CORDOBA","CERETE","23-162","8.88666155327","-75.7918818626"
"BOLIVAR","BARRANCO DE LOBA","13-074","8.87140886614","-74.118873698"
"CORDOBA","MONTERIA","23-001","8.4570969832","-76.1250820708"
"SUCRE","CAIMITO","70-124","8.78902510273","-75.1160890758"
"ANTIOQUIA","ARBOLETES","05-051","8.85000626596","-76.4266804048"
"CESAR","PELAYA","20-550","8.68732471865","-73.661830633"
"SUCRE","LA UNION","70-400","1.59247717673","-77.128385668"
"CORDOBA","SAN CARLOS","23-678","6.12831821891","-74.8354218238"
"CORDOBA","CANALETE","23-090","8.78760091745","-76.2407532604"
"NORTE DE SANTANDER","EL TARRA","54-250",NA,NA
"BOLIVAR","ALTOS DEL ROSARIO","13-030",NA,NA
"BOLIVAR","REGIDOR","13-580",NA,NA
"ANTIOQUIA","SAN JUAN DE URABA","05-659","8.75949060532","-76.5288897941"
"BOLIVAR","ACHI","13-006","8.44706004447","-74.5258510585"
"CESAR","LA GLORIA","20-383","8.61801512913","-73.8011114104"
"SUCRE","MAJAGUAL","70-429","8.54298963226","-74.6278933714"
"SUCRE","SAN MARCOS","70-708","8.66403584689","-75.1390223232"
"ANTIOQUIA","NECOCLI","05-490","8.42602528099","-76.7876212535"
"BOLIVAR","RIO VIEJO","13-600",NA,NA
"CHOCO","ACANDI","27-006","8.5109498959","-77.2786180632"
"BOLIVAR","TIQUISIO","13-810","8.4924392090635","-74.2966334819057"
"ANTIOQUIA","SAN PEDRO DE URABA","05-665","8.27806430733","-76.3825621279"
"CORDOBA","PUEBLO NUEVO","23-570","8.49792361753","-75.4164218404"
"NORTE DE SANTANDER","SAN CALIXTO","54-670",NA,NA
"CORDOBA","PLANETA RICA","23-555","8.373541537","-75.5467041973"
"SUCRE","GUARANDA","70-265",NA,NA
"CESAR","AGUACHICA","20-011","8.31012096929","-73.6013004495"
"CORDOBA","AYAPEL","23-068","8.29872012716","-74.9868565054"
"NORTE DE SANTANDER","HACARI","54-344","8.32162940594","-73.1459084076"
"CESAR","GAMARRA","20-295","8.32160639331","-73.7425300764"
"BOLIVAR","MORALES","13-473",NA,NA
"BOLIVAR","MONTECRISTO","13-458","8.01924600103","-74.4626103179"
"CESAR","GONZALEZ","20-310",NA,NA
"NORTE DE SANTANDER","SARDINATA","54-720","8.08058603644","-72.7982608119"
"ANTIOQUIA","TURBO","05-837","8.094096738","-76.7264318312"
"CORDOBA","VALENCIA","23-855",NA,NA
"NORTE DE SANTANDER","CUCUTA","54-001","7.90526711655","-72.5055909659"
"NORTE DE SANTANDER","OCAÑA","54-498","8.24666636498","-73.3551957158"
"BOLIVAR","SAN JACINTO DEL CAUCA","13-655",NA,NA
"NORTE DE SANTANDER","PUERTO SANTANDER","54-553",NA,NA
"CHOCO","UNGUIA","27-800","8.1237324270678","-77.1055624178622"
"CORDOBA","BUENAVISTA","23-079","5.51174852719","-73.9409990293"
"CORDOBA","TIERRALTA","23-807","8.11258899129","-75.9129139739"
"NORTE DE SANTANDER","LA PLAYA","54-398","8.2135938264","-73.2381390884"
"CESAR","RIO DE ORO","20-614","8.29205395597","-73.3870705262"
"BOLIVAR","ARENAL","13-042",NA,NA
"NORTE DE SANTANDER","EL ZULIA","54-261",NA,NA
"NORTE DE SANTANDER","ABREGO","54-003","8.08120418381","-73.2214174328"
"ANTIOQUIA","NECHI","05-495","8.08874643365","-74.7763395888"
"NORTE DE SANTANDER","BUCARASICA","54-109",NA,NA
"CORDOBA","MONTELIBANO","23-466","7.98570061466","-75.4088497209"
"ANTIOQUIA","EL BAGRE","05-250","7.59295465249","-74.8047104261"
"BOLIVAR","SIMITI","13-744",NA,NA
"CORDOBA","LA APARTADA","23-350",NA,NA
"SANTANDER","PUERTO WILCHES","68-575","7.34937400169","-73.8981286072"
"BOLIVAR","SANTA ROSA DEL SUR","13-688","7.96319110325","-74.0514460679"
"CESAR","SAN MARTIN","20-770","7.99958","-73.510987"
"NORTE DE SANTANDER","VILLA CARO","54-871",NA,NA
"ANTIOQUIA","APARTADO","05-045","7.88271669622","-76.6261859724"
"ANTIOQUIA","CAUCASIA","05-154","7.97776036994","-75.1985143435"
"CESAR","SAN ALBERTO","20-710","7.83696761443","-73.4288982244"
"NORTE DE SANTANDER","LOURDES","54-418","7.94523586891","-72.8320469133"
"NORTE DE SANTANDER","GRAMALOTE","54-313",NA,NA
"ANTIOQUIA","CACERES","05-120","7.57506519303","-75.3529801717"
"CORDOBA","PUERTO LIBERTADOR","23-580","7.88927921391","-75.6720222869"
"NORTE DE SANTANDER","SANTIAGO","54-680","1.1465700937","-77.0025114068"
"NORTE DE SANTANDER","SAN CAYETANO","54-673",NA,NA
"CHOCO","RIOSUCIO","27-615","5.42395347461","-75.7023188489"
"ANTIOQUIA","CAREPA","05-147","7.75420419468","-76.6531189552"
"NORTE DE SANTANDER","SALAZAR","54-660","7.7727182846","-72.8087686232"
"NORTE DE SANTANDER","VILLA DEL ROSARIO","54-874","7.84904659595","-72.4705192458"
"NORTE DE SANTANDER","CACHIRA","54-128","7.73974335671","-73.0496492115"
"NORTE DE SANTANDER","DURANIA","54-239","7.71421899786","-72.6561980754"
"NORTE DE SANTANDER","LOS PATIOS","54-405","7.83349267282","-72.5060367469"
"NORTE DE SANTANDER","LA ESPERANZA","54-385",NA,NA
"ANTIOQUIA","CHIGORODO","05-172","7.66615644949","-76.6815647246"
"ANTIOQUIA","TARAZA","05-790","7.58161135295","-75.3997109965"
"NORTE DE SANTANDER","BOCHALEMA","54-099","7.61206780961","-72.6472817269"
"SANTANDER","RIONEGRO","68-615","6.14622006041","-75.3762557551"
"NORTE DE SANTANDER","ARBOLEDAS","54-051","7.64269066476","-72.7988340008"
"ANTIOQUIA","ZARAGOZA","05-895","7.488149672","-74.8679617402"
"SANTANDER","SABANA DE TORRES","68-655","7.39517157701","-73.4983457764"
"NORTE DE SANTANDER","CHINACOTA","54-172","7.6025629692","-72.6024502906"
"NORTE DE SANTANDER","RAGONVALIA","54-599","7.57746227768","-72.4760192272"
"SANTANDER","SURATA","68-780","7.36717155542","-72.9842771975"
"NORTE DE SANTANDER","CUCUTILLA","54-223","7.53917387611","-72.7724467652"
"SANTANDER","EL PLAYON","68-255","7.47271835801","-73.2046203518"
"NORTE DE SANTANDER","PAMPLONITA","54-520",NA,NA
"NORTE DE SANTANDER","HERRAN","54-347",NA,NA
"BOLIVAR","SAN PABLO","13-670","1.66915803917","-77.0127283397"
"SANTANDER","CALIFORNIA","68-132",NA,NA
"CHOCO","JURADO","27-372","7.10603959523","-77.7646171026"
"ANTIOQUIA","SEGOVIA","05-736","7.08108247705","-74.6990624579"
"SANTANDER","VETAS","68-867","7.30938136063","-72.8707413209"
"NORTE DE SANTANDER","TOLEDO","54-820","7.29935086688","-72.4791068097"
"SANTANDER","MATANZA","68-444",NA,NA
"BOLIVAR","CANTAGALLO","13-160",NA,NA
"NORTE DE SANTANDER","PAMPLONA","54-518","7.37519414845","-72.648211059"
"ANTIOQUIA","ANORI","05-040","7.1932116063","-75.1084892603"
"ANTIOQUIA","VALDIVIA","05-854","7.16313768064","-75.4397119153"
"ANTIOQUIA","ITUANGO","05-361","7.17162301036","-75.76416656"
"SANTANDER","LEBRIJA","68-406","7.11332219394","-73.2196733968"
"NORTE DE SANTANDER","LABATECA","54-377","7.29939120651","-72.4949268328"
"NORTE DE SANTANDER","MUTISCUA","54-480","7.30024008229","-72.7470801465"
"SANTANDER","CHARTA","68-169",NA,NA
"NORTE DE SANTANDER","CACOTA","54-125",NA,NA
"NORTE DE SANTANDER","SILOS","54-743",NA,NA
"ANTIOQUIA","AMALFI","05-031","6.90887428957","-75.073147584"
"ANTIOQUIA","YONDO","05-893","7.00260352994","-73.9098900752"
"SANTANDER","GIRON","68-307","7.07177401245","-73.1683126853"
"ANTIOQUIA","REMEDIOS","05-604","7.0287935872","-74.6904627996"
"SANTANDER","TONA","68-820","7.1995257908","-72.9682572651"
"ANTIOQUIA","YARUMAL","05-887","6.96557970001","-75.4195984062"
"NORTE DE SANTANDER","CHITAGA","54-174","7.13853760731","-72.6648097105"
"SANTANDER","BUCARAMANGA","68-001","7.12278728534","-73.132325231"
"SANTANDER","BARRANCABERMEJA","68-081","7.06154842252","-73.8524943961"
"ANTIOQUIA","BRICEÑO","05-107","5.69016431203","-73.9233039987"
"ANTIOQUIA","PEQUE","05-543","6.92583427774","-75.8293466882"
"ANTIOQUIA","DABEIBA","05-234","7.00003402635","-76.2629740972"
"ANTIOQUIA","CAMPAMENTO","05-134","6.97898982025","-75.2953334406"
"SANTANDER","SAN VICENTE DE CHUCURI","68-689","6.87981334011","-73.4100182808"
"SANTANDER","FLORIDABLANCA","68-276","7.07732172043","-73.099121637"
"SANTANDER","BETULIA","68-092","6.10909980708","-75.9841907479"
"SANTANDER","PIEDECUESTA","68-547","6.99547484173","-73.0543082606"
"ANTIOQUIA","TOLEDO","05-819","7.29935086688","-72.4791068097"
"ARAUCA","ARAUCA","81-001","7.07773650197","-70.762773048"
"SANTANDER","SANTA BARBARA","68-705",NA,NA
"ANTIOQUIA","SABANALARGA","05-628","10.6338334111","-74.9206251244"
"ARAUCA","SARAVENA","81-736","6.95387794066","-71.8739494778"
"ARAUCA","ARAUQUITA","81-065","7.02931365346","-71.4276395909"
"SANTANDER","GUACA","68-318","6.87687228146","-72.8560844295"
"ANTIOQUIA","URAMITA","05-842","6.89359302294","-76.1704105356"
"BOYACA","CUBARA","15-223","7.00373327286","-72.1060298045"
"ANTIOQUIA","MURINDO","05-475","6.97696716669","-76.8199865212"
"ANTIOQUIA","SAN ANDRES DE CUERQUIA","05-647","6.92360963908","-75.6727731197"
"ANTIOQUIA","CAÑASGORDAS","05-138","6.75976724617","-76.0302047407"
"SANTANDER","CERRITO","68-162","6.84311761625","-72.6947276921"
"SANTANDER","ZAPATOCA","68-895","6.81384406691","-73.2708555059"
"ANTIOQUIA","BURITICA","05-113","6.71988421942","-75.9062641102"
"ANTIOQUIA","VEGACHI","05-858","6.76716219931","-74.7932517607"
"ANTIOQUIA","ANGOSTURA","05-038","6.88536619294","-75.3349479888"
"ANTIOQUIA","GUADALUPE","05-315","2.02297348548","-75.7590386418"
"SANTANDER","SIMACOTA","68-745","6.44347223669","-73.3374093333"
"SANTANDER","SAN ANDRES","68-669","12.5829884179","-81.6960414806"
"ANTIOQUIA","FRONTINO","05-284","6.77558501432","-76.1312233969"
"ANTIOQUIA","SAN JOSE DE LA MONTAÑA","05-658","6.84974120672","-75.6840821906"
"ANTIOQUIA","GOMEZ PLATA","05-310","6.68411944774","-75.2217555544"
"SANTANDER","CONCEPCION","68-207","6.39397607889","-75.256527061"
"SANTANDER","LOS SANTOS","68-418",NA,NA
"CHOCO","BOJAYA","27-099","6.56638862031","-76.8925022166"
"SANTANDER","EL CARMEN DE CHUCURI","68-235","6.69791160477","-73.5131237068"
"ANTIOQUIA","SANTA ROSA DE OSOS","05-686","6.64517249597","-75.46007968"
"SANTANDER","PUERTO PARRA","68-573",NA,NA
"ARAUCA","FORTUL","81-300","6.79925590284","-71.7678607445"
"ANTIOQUIA","VIGIA DEL FUERTE","05-873","6.5887941127","-76.8963475885"
"BOYACA","CHISCAS","15-180","6.55349164254","-72.5002931534"
"ANTIOQUIA","CAROLINA","05-150","6.72599435248","-75.2835999381"
"ANTIOQUIA","YOLOMBO","05-890","6.59468858167","-75.0135287985"
"SANTANDER","ARATOCA","68-051",NA,NA
"CHOCO","BAHIA SOLANO","27-075","6.2244703848","-77.4037730964"
"SANTANDER","CEPITA","68-160",NA,NA
"ANTIOQUIA","LIBORINA","05-411","6.6763586892","-75.8136759627"
"ANTIOQUIA","BELMIRA","05-086","6.60617594414","-75.6682148634"
"ANTIOQUIA","YALI","05-885","6.66825257998","-74.8411747571"
"SANTANDER","GALAN","68-296",NA,NA
"SANTANDER","MALAGA","68-432","6.7021775212","-72.732133306"
"SANTANDER","CIMITARRA","68-190","6.31369089431","-73.9548939419"
"SANTANDER","VILLANUEVA","68-872","10.610184984","-72.9775939067"
"ANTIOQUIA","ABRIAQUI","05-004","6.6339560277","-76.0631582653"
"SANTANDER","CARCASI","68-152","6.62673429701","-72.626411529"
"ANTIOQUIA","PUERTO BERRIO","05-579","6.4900665391","-74.4046363087"
"SANTANDER","JORDAN","68-370",NA,NA
"BOYACA","GUICAN","15-332","6.46292958742","-72.4120601319"
"ANTIOQUIA","GIRALDO","05-306","6.67830122959","-75.9497722759"
"SANTANDER","BARICHARA","68-079","6.63534926286","-73.2226819755"
"SANTANDER","ENCISO","68-266","6.66972347669","-72.7001385756"
"SANTANDER","MOLAGAVITA","68-468","6.67384550984","-72.8090316759"
"ARAUCA","CRAVO NORTE","81-220","6.30339369864","-70.2035675603"
"ARAUCA","TAME","81-794","6.45653811474","-71.7436532635"
"SANTANDER","SAN JOSE DE MIRANDA","68-684","6.65866422031","-72.7333821183"
"ANTIOQUIA","ENTRERRIOS","05-264","6.56665004926","-75.5171548466"
"SANTANDER","CURITI","68-229","6.60459799378","-73.0689588035"
"ARAUCA","PUERTO RONDON","81-591","6.27986338565","-71.1030694296"
"ANTIOQUIA","OLAYA","05-501",NA,NA
"ANTIOQUIA","SANTA FE DE ANTIOQUIA","05-042","6.5582689862","-75.8272323818"
"SANTANDER","CABRERA","68-121",NA,NA
"SANTANDER","SAN GIL","68-679","6.54927262478","-73.1285702201"
"ANTIOQUIA","MACEO","05-425","6.55311608541","-74.787847715"
"SANTANDER","MOGOTES","68-464","6.47538726902","-72.9704622901"
"SANTANDER","HATO","68-344",NA,NA
"ANTIOQUIA","SOPETRAN","05-761","6.50313220449","-75.745937366"
"SANTANDER","SAN MIGUEL","68-686","6.57664344984","-72.646501116"
"ANTIOQUIA","URRAO","05-847","6.31400117617","-76.132240466"
"SANTANDER","CAPITANEJO","68-147","6.53056931982","-72.6956351621"
"ANTIOQUIA","CISNEROS","05-190","6.53887519896","-75.0862390602"
"SANTANDER","MACARAVITA","68-425","6.50676798489","-72.593288878"
"BOYACA","COVARACHIA","15-218",NA,NA
"ANTIOQUIA","DONMATIAS","05-237","6.48588534626","-75.3940951645"
"ANTIOQUIA","SANTO DOMINGO","05-690","6.54370752206","-75.1576575678"
"SANTANDER","PINCHOTE","68-549",NA,NA
"SANTANDER","PALMAR","68-522",NA,NA
"SANTANDER","SAN JOAQUIN","68-682","6.42754903664","-72.8677032526"
"SANTANDER","ONZAGA","68-502","6.34461189765","-72.8139310472"
"ANTIOQUIA","SAN ROQUE","05-670","6.48481184945","-75.0222636421"
"SANTANDER","VELEZ","68-861","6.00758055992","-73.6745204194"
"SANTANDER","LANDAZURI","68-385","6.21938700028","-73.8090987971"
"SANTANDER","SOCORRO","68-755","6.46369097452","-73.2611309592"
"ANTIOQUIA","CAICEDO","05-125","6.40578758966","-75.984153352"
"ANTIOQUIA","BARBOSA","05-079","5.93031783104","-73.6175602711"
"BOYACA","EL ESPINO","15-248","6.4826131397","-72.4963221128"
"ANTIOQUIA","SAN PEDRO","05-664","6.46043452078","-75.5609117195"
"ANTIOQUIA","SAN JERONIMO","05-656","6.44306379215","-75.7278178256"
"SANTANDER","SANTA HELENA DEL OPON","68-720",NA,NA
"SANTANDER","PARAMO","68-533",NA,NA
"BOYACA","GUACAMAYAS","15-317","6.45971197395","-72.500600213"
"SANTANDER","VALLE DE SAN JOSE","68-855",NA,NA
"BOYACA","SAN MATEO","15-673","6.40183421353","-72.5549428659"
"SANTANDER","CHIMA","68-176",NA,NA
"BOYACA","PANQUEBA","15-522","6.44256891347","-72.4589391962"
"BOYACA","TIPACOQUE","15-810","6.41502583025","-72.6901923301"
"ANTIOQUIA","CARACOLI","05-142","6.40250922802","-74.7592025032"
"ANTIOQUIA","CONCEPCION","05-206","6.39397607889","-75.256527061"
"ANTIOQUIA","GIRARDOTA","05-308","6.37934992894","-75.4436989853"
"BOYACA","BOAVITA","15-097","6.33067803458","-72.5847752243"
"ANTIOQUIA","COPACABANA","05-212","6.35822753091","-75.5024226761"
"ANTIOQUIA","BELLO","05-088","6.33378556247","-75.5544475761"
"ANTIOQUIA","EBEJICO","05-240","6.327259705","-75.7668777263"
"SANTANDER","PALMAS DEL SOCORRO","68-524",NA,NA
"ANTIOQUIA","ANZA","05-044","6.30223046843","-75.853713332"
"ANTIOQUIA","ALEJANDRIA","05-021","6.37447380153","-75.1430974124"
"BOYACA","EL COCUY","15-244","6.41037802779","-72.4454127648"
"ANTIOQUIA","SAN RAFAEL","05-667","6.29394973638","-75.0282495206"
"SANTANDER","CONFINES","68-209",NA,NA
"SANTANDER","OCAMONTE","68-498",NA,NA
"ANTIOQUIA","MEDELLIN","05-001","6.24894080956","-75.5770556256"
"ANTIOQUIA","SAN VICENTE FERRER","05-674","6.27940487148","-75.3347960432"
"SANTANDER","COROMORO","68-217",NA,NA
"SANTANDER","CONTRATACION","68-211","6.29046114389","-73.4743899923"
"SANTANDER","LA PAZ","68-397","10.3864677933","-73.1726913052"
"SANTANDER","CHARALA","68-167","6.28533512166","-73.1466694378"
"BOYACA","SOATA","15-753","6.33365418585","-72.6833174046"
"SANTANDER","GUAPOTA","68-322","6.3083874905","-73.3209067076"
"ANTIOQUIA","PEÑOL","05-541","6.2216831826","-75.2123722544"
"CHOCO","QUIBDO","27-001","5.69234946505","-76.6511246326"
"BOYACA","LA UVITA","15-403","6.31679484036","-72.5594378649"
"SANTANDER","OIBA","68-500","6.26704785206","-73.3000340004"
"ANTIOQUIA","SAN CARLOS","05-649","6.12831821891","-74.8354218238"
"ANTIOQUIA","GUARNE","05-318","6.2692840353564","-75.4353027477292"
"SANTANDER","EL GUACAMAYO","68-245",NA,NA
"VICHADA","PUERTO CARREÑO","99-001","6.18560656721","-67.4855961"
"SANTANDER","GUADALUPE","68-320","2.02297348548","-75.7590386418"
"ANTIOQUIA","GUATAPE","05-321","6.23233737137","-75.1556269715"
"ANTIOQUIA","BETULIA","05-093","6.10909980708","-75.9841907479"
"ANTIOQUIA","HELICONIA","05-347","6.2144824592065","-75.7496020650797"
"BOYACA","CHITA","15-183","6.18742408063","-72.4735580541"
"BOYACA","SUSACON","15-774","6.2307747366","-72.6897880303"
"SANTANDER","BOLIVAR","68-101","1.83756270293","-76.9667571992"
"ANTIOQUIA","PUERTO NARE","05-585","6.18204690082","-74.5851321578"
"BOYACA","PUERTO BOYACA","15-572","5.97331379456","-74.5750541387"
"CASANARE","HATO COROZAL","85-125","6.15639181167","-71.7646275436"
"ANTIOQUIA","MARINILLA","05-440","6.1735481398","-75.3380784357"
"ANTIOQUIA","ARMENIA","05-059","4.53805331619","-75.6762454094"
"ANTIOQUIA","RIONEGRO","05-615","6.14622006041","-75.3762557551"
"CASANARE","LA SALINA","85-136",NA,NA
"ANTIOQUIA","GRANADA","05-313","3.5349351906","-73.698477557"
"ANTIOQUIA","RETIRO","05-607","6.06324258169","-75.5020105794"
"SANTANDER","AGUADA","68-013",NA,NA
"ANTIOQUIA","ITAGUI","05-360","6.16815830322","-75.629721946"
"ANTIOQUIA","ITAGUI","05-360","6.16815830322","-75.629721946"
"ANTIOQUIA","ENVIGADO","05-266","6.16666179755","-75.5831907344"
"VICHADA","LA PRIMAVERA","99-524",NA,NA
"ANTIOQUIA","ANGELOPOLIS","05-036","6.11188033761","-75.708330776"
"SANTANDER","ENCINO","68-264",NA,NA
"ANTIOQUIA","LA ESTRELLA","05-380","6.16404964537","-75.6504125158"
"SANTANDER","SUAITA","68-770","6.09835314273","-73.4403162236"
"BOYACA","JERICO","15-368","5.7697584791988","-75.7647999637893"
"SANTANDER","EL PEÑON","68-250","5.24908341275","-74.2901625904"
"ANTIOQUIA","CONCORDIA","05-209","10.2576584509","-74.8334493147"
"ANTIOQUIA","SABANETA","05-631","6.15089231663","-75.6153508751"
"ANTIOQUIA","EL SANTUARIO","05-697","6.13596027701","-75.2613936054"
"BOYACA","SATIVANORTE","15-720","6.13152095194","-72.7078717765"
"SANTANDER","SAN BENITO","68-673","6.1266069813","-73.509474163"
"BOYACA","TUTAZA","15-839",NA,NA
"ANTIOQUIA","TITIRIBI","05-809","6.06294586497","-75.7947081203"
"ANTIOQUIA","EL CARMEN DE VIBORAL","05-148","6.08497157368","-75.335269012"
"ANTIOQUIA","SAN LUIS","05-660","4.13388114891","-75.0958703911"
"BOYACA","SOCOTA","15-755","6.04117539594","-72.6364603722"
"ANTIOQUIA","CALDAS","05-129","5.55446875145","-73.8653103464"
"SANTANDER","CHIPATA","68-179","6.06258983185","-73.6372840635"
"ANTIOQUIA","SALGAR","05-642","5.96116241719","-75.9754359618"
"CASANARE","SACAMA","85-315","6.09789911488","-72.2488935738"
"SANTANDER","SUCRE","68-773","5.91903257843","-73.7914904516"
"ANTIOQUIA","COCORNA","05-197","6.05788879642","-75.1856126097"
"CASANARE","PAZ DE ARIPORO","85-250","5.88140262363","-71.8917286791"
"BOYACA","SANTANA","15-686","5.77845241642","-72.9316301644"
"ANTIOQUIA","AMAGA","05-030","6.0326518277961","-75.7076638080808"
"BOYACA","SATIVASUR","15-723","6.093234404","-72.7120698536"
"SANTANDER","GUEPSA","68-327","6.02638642861","-73.5713144981"
"SANTANDER","GUEPSA","68-327","6.02638642861","-73.5713144981"
"BOYACA","PAZ DE RIO","15-537","5.98807090613","-72.7475252291"
"ANTIOQUIA","LA CEJA","05-376","5.993145794356","-75.4309210797418"
"CHOCO","ALTO BAUDO","27-025","5.51548003909","-76.975714731"
"BOYACA","SOCHA","15-757","5.99685874976","-72.6916265433"
"ANTIOQUIA","LA UNION","05-400","1.59247717673","-77.128385668"
"BOYACA","BELEN","15-087","1.59564430447","-77.016287834"
"BOYACA","CHITARAQUE","15-185","6.02747548905","-73.4469293634"
"BOYACA","SAN JOSE DE PARE","15-664","6.01961048939","-73.5434490918"
"ANTIOQUIA","PUERTO TRIUNFO","05-591","5.88820840277","-74.6340235664"
"CASANARE","TAMARA","85-400","5.82909664859","-72.1642249065"
"SANTANDER","GAMBITA","68-298","5.94583041292","-73.3426272948"
"ANTIOQUIA","VENECIA","05-861","4.08916639341","-74.4777195337"
"CHOCO","NUQUI","27-495","5.70573912127","-77.2702238384"
"SANTANDER","BARBOSA","68-077","5.93031783104","-73.6175602711"
"SANTANDER","LA BELLEZA","68-377","5.85928066933","-73.9649519446"
"ANTIOQUIA","SANTA BARBARA","05-679","5.96365315143","-75.5885104731"
"SANTANDER","GUAVATA","68-324",NA,NA
"CHOCO","EL CARMEN DE ATRATO","27-245","5.90066567336","-76.1419665724"
"BOYACA","CERINZA","15-162","5.955976752","-72.9477205036"
"BOYACA","PAIPA","15-516","5.78048910058","-73.1167437822"
"BOYACA","DUITAMA","15-238","5.81936914099","-73.0302686329"
"ANTIOQUIA","MONTEBELLO","05-467","5.94656365917","-75.5237539337"
"ANTIOQUIA","FREDONIA","05-282","5.92484004201","-75.671166144"
"BOYACA","SANTA ROSA DE VITERBO","15-693","5.87473860404","-72.9823863595"
"ANTIOQUIA","SAN FRANCISCO","05-652","1.17674026489","-76.875892028"
"BOYACA","BETEITIVA","15-092","5.91081053448","-72.8089600105"
"BOYACA","TOGUI","15-816","5.93754576969","-73.5135719162"
"BOYACA","MONIQUIRA","15-469","5.87376486789","-73.5741080327"
"ANTIOQUIA","TARSO","05-792","5.8654485824","-75.8227902131"
"BOYACA","TASCO","15-790","5.90898896374","-72.7823725547"
"ANTIOQUIA","CIUDAD BOLIVAR","05-101","5.84651700067","-76.0133228121"
"SANTANDER","PUENTE NACIONAL","68-572","5.87819149232","-73.6775097519"
"ANTIOQUIA","ABEJORRAL","05-002","5.78953996024","-75.4289204217"
"ANTIOQUIA","SONSON","05-756","5.71278805376","-75.3103024361"
"SANTANDER","JESUS MARIA","68-368","5.87653148988","-73.7827825923"
"BOYACA","FLORESTA","15-276","5.85943916568","-72.9190391027"
"BOYACA","OTANCHE","15-507","5.65799269911","-74.1813101815"
"ANTIOQUIA","PUEBLORRICO","05-576","5.79341608531","-75.8405778432"
"ANTIOQUIA","JERICO","05-368","5.7697584791988","-75.7647999637893"
"SANTANDER","FLORIAN","68-271","5.80494925362","-73.9709635955"
"SANTANDER","ALBANIA","68-020",NA,NA
"BOYACA","CORRALES","15-215","5.82808297937","-72.8448075296"
"BOYACA","SOTAQUIRA","15-763","5.76516635173","-73.2472261796"
"BOYACA","BUSBANZA","15-114","5.83037889421","-72.8838834271"
"BOYACA","PISBA","15-550","5.72305842393","-72.4831827809"
"ANTIOQUIA","LA PINTADA","05-390",NA,NA
"BOYACA","ARCABUCO","15-051","5.75661447168","-73.4396912192"
"CUNDINAMARCA","YACOPI","25-885","5.45953992922","-74.3384266368"
"BOYACA","GAMEZA","15-296","5.80283711498","-72.8062102157"
"CASANARE","PORE","85-263","5.72676620203","-71.9923928081"
"ANTIOQUIA","HISPANIA","05-353","5.7988794992","-75.9049374881"
"BOYACA","PAYA","15-533",NA,NA
"BOYACA","PAUNA","15-531","5.65653655177","-73.9785815826"
"ANTIOQUIA","TAMESIS","05-789","5.66517675836","-75.7142215352"
"ANTIOQUIA","BETANIA","05-091","5.72788049258","-75.9859642952"
"BOYACA","GACHANTIVA","15-293","5.75196804738","-73.5493153358"
"BOYACA","COMBITA","15-204","5.634334216","-73.3238423344"
"BOYACA","NOBSA","15-491","5.77845241642","-72.9316301644"
"BOYACA","TIBASOSA","15-806","5.74715414319","-72.9996464966"
"CUNDINAMARCA","PUERTO SALGAR","25-572","5.46497923712","-74.6527181227"
"BOYACA","SANTA SOFIA","15-696",NA,NA
"BOYACA","TOPAGA","15-820","5.76927431898","-72.8333505555"
"BOYACA","SABOYA","15-632","5.69689929346","-73.7629174335"
"ANTIOQUIA","ANDES","05-034","5.65688469544","-75.879251019"
"ANTIOQUIA","ARGELIA","05-055","2.32514027006","-77.2550909133"
"BOYACA","SAN PABLO DE BORBUR","15-681","5.65901775706","-74.0665923317"
"BOYACA","MONGUA","15-464","5.75283042742","-72.8002051309"
"BOYACA","SOGAMOSO","15-759","5.72486205266","-72.923236899"
"ANTIOQUIA","VALPARAISO","05-856","1.19761525166","-75.7053662852"
"CHOCO","LLORO","27-413","5.49996186169","-76.5425247368"
"CALDAS","AGUADAS","17-013","5.6126036828","-75.455726565"
"BOYACA","TUNUNGUA","15-832","5.73040797901","-73.9330350622"
"BOYACA","MONGUI","15-466","5.72336164372","-72.8488798848"
"BOYACA","CHIQUINQUIRA","15-176","5.61485105697","-73.8187107146"
"BOYACA","BRICEÑO","15-106","5.69016431203","-73.9233039987"
"BOYACA","TUTA","15-837","5.69072807998","-73.2258853682"
"CASANARE","NUNCHIA","85-225","5.63712937413","-72.1953826495"
"BOYACA","VILLA DE LEYVA","15-407","5.63623795957","-73.5264455074"
"BOYACA","FIRAVITOBA","15-272","5.66912083496","-72.9937203959"
"BOYACA","SUTAMARCHAN","15-776","5.62014390877","-73.6205637062"
"BOYACA","MOTAVITA","15-476","5.57754426501","-73.3681498024"
"ANTIOQUIA","JARDIN","05-364","5.6009650382","-75.8230669283"
"ANTIOQUIA","NARIÑO","05-483","5.61099552193","-75.1749212942"
"BOYACA","LABRANZAGRANDE","15-377","5.56235834208","-72.5775941245"
"BOYACA","CHIQUIZA","15-232","5.60440241797","-73.4857203286"
"CHOCO","BAGADO","27-073","5.41171542089","-76.415960274"
"BOYACA","MARIPI","15-442","5.54929277249","-74.0046488073"
"BOYACA","QUIPAMA","15-580","5.52344696291","-74.179166914"
"BOYACA","OICATA","15-500",NA,NA
"BOYACA","AQUITANIA","15-047","5.51831038891","-72.8843505151"
"BOYACA","IZA","15-362","5.61235844867","-72.9796484028"
"BOYACA","TOCA","15-814","5.56541863786","-73.1845174634"
"BOYACA","SORA","15-762","5.56685654075","-73.4498672629"
"BOYACA","TUNJA","15-001","5.53937063584","-73.3543638186"
"BOYACA","TINJACA","15-808","5.57901932907","-73.6471490956"
"BOYACA","PESCA","15-542","5.55868752792","-73.050663428"
"BOYACA","CHIVATA","15-187","5.56040152608","-73.2808946232"
"BOYACA","CALDAS","15-131","5.55446875145","-73.8653103464"
"BOYACA","SACHICA","15-638",NA,NA
"BOYACA","SAN MIGUEL DE SEMA","15-676",NA,NA
"ANTIOQUIA","CARAMANTA","05-145","5.54909478613","-75.6453315664"
"BOYACA","MUZO","15-480","5.53127931395","-74.1030009907"
"BOYACA","CUITIVA","15-226","5.5802641113","-72.9661286503"
"CALDAS","PACORA","17-513","5.52868689559","-75.4600089101"
"CALDAS","VICTORIA","17-867","5.31706445035","-74.9106926322"
"CUNDINAMARCA","SIMIJACA","25-745","5.50477875195","-73.8501021221"
"BOYACA","RAQUIRA","15-600","5.53873793625","-73.6322885637"
"CHOCO","BAJO BAUDO","27-077","4.95394902999","-77.36431791"
"BOYACA","CUCAITA","15-224","5.54301842098","-73.454200081"
"CASANARE","SAN LUIS DE PALENQUE","85-325","5.4218395761","-71.7312298874"
"BOYACA","TOTA","15-822","5.56087990488","-72.9854281572"
"CASANARE","YOPAL","85-001","5.33249117563","-72.3937905332"
"CUNDINAMARCA","CAPARRAPI","25-148","5.34357122073","-74.4921952724"
"CASANARE","TRINIDAD","85-430","5.41101622376","-71.6626786509"
"BOYACA","SAMACA","15-646","5.49262740357","-73.4859714562"
"VICHADA","SANTA ROSALIA","99-624",NA,NA
"CALDAS","PENSILVANIA","17-541","5.38371851682","-75.159294496"
"CALDAS","RIOSUCIO","17-614","5.42395347461","-75.7023188489"
"BOYACA","SIACHOQUE","15-740","5.51101900101","-73.2451885941"
"BOYACA","LA VICTORIA","15-401",NA,NA
"BOYACA","BUENAVISTA","15-109","5.51174852719","-73.9409990293"
"CALDAS","MARMATO","17-442","5.47433367144","-75.5996904188"
"CALDAS","SUPIA","17-777","5.44609993376","-75.649466209"
"BOYACA","COPER","15-212","5.4753923798","-74.0450352906"
"BOYACA","SORACA","15-764",NA,NA
"CUNDINAMARCA","SUSA","25-779","5.45327943347","-73.8136833668"
"RISARALDA","MISTRATO","66-456","5.2946657063","-75.8794193338"
"CUNDINAMARCA","GUACHETA","25-317","5.38359008958","-73.6868961185"
"CUNDINAMARCA","FUQUENE","25-288","5.40400391041","-73.7958097988"
"BOYACA","VIRACACHA","15-879","5.43670756257","-73.2966647004"
"CALDAS","SALAMINA","17-653","5.4026014886","-75.4871709558"
"VICHADA","CUMARIBO","99-773","4.44448762209","-69.7985426682"
"CUNDINAMARCA","CARMEN DE CARUPA","25-154","5.34908578768","-73.9009831039"
"CUNDINAMARCA","PAIME","25-518","5.370820318","-74.1528046237"
"BOYACA","RONDON","15-621","5.35703603852","-73.2085952061"
"BOYACA","BOYACA","15-104","5.45455383227","-73.3620268275"
"CALDAS","LA MERCED","17-388","5.39480455966","-75.5473481633"
"CUNDINAMARCA","LA PALMA","25-394","5.35896522525","-74.3909112772"
"CHOCO","CANTON DEL SAN PABLO","27-135","5.33538667137","-76.7272200613"
"BOYACA","PAJARITO","15-518","5.29380067178","-72.7025663298"
"BOYACA","VENTAQUEMADA","15-861","5.36925188265","-73.5206324064"
"CUNDINAMARCA","GUADUAS","25-320","5.07248999376","-74.603414551"
"CUNDINAMARCA","SAN CAYETANO","25-653",NA,NA
"CUNDINAMARCA","TOPAIPI","25-823",NA,NA
"BOYACA","RAMIRIQUI","15-599","5.40117777129","-73.3354655533"
"BOYACA","CIENEGA","15-189","5.40952113356","-73.2960896762"
"RISARALDA","PUEBLO RICO","66-572","5.22209118931","-76.0307989103"
"BOYACA","JENESANO","15-367","5.38487936219","-73.3639584567"
"RISARALDA","QUINCHIA","66-594","5.34114674188","-75.7309367872"
"BOYACA","NUEVO COLON","15-494","5.35506695617","-73.4570665385"
"RISARALDA","GUATICA","66-318","5.31491484847","-75.7964483643"
"CHOCO","TADO","27-787","5.26542599352","-76.554776305"
"CALDAS","FILADELFIA","17-272","5.29735027786","-75.562282237"
"CUNDINAMARCA","VILLA DE SAN DIEGO DE UBATE","25-843","5.30516427858","-73.819612402"
"CASANARE","AGUAZUL","85-010","5.16998543064","-72.5525853378"
"CUNDINAMARCA","LENGUAZAQUE","25-407","5.30602649574","-73.7114452271"
"BOYACA","TIBANA","15-804","5.31618446526","-73.3967445026"
"CASANARE","RECETOR","85-279",NA,NA
"CASANARE","CHAMEZA","85-015",NA,NA
"BOYACA","TURMEQUE","15-835","5.32384575013","-73.4885656969"
"BOYACA","ZETAQUIRA","15-897","5.28434656469","-73.1720299685"
"CALDAS","ARANZAZU","17-050","5.27130438493","-75.4907773111"
"CALDAS","MARULANDA","17-446","5.2835107602","-75.258325325"
"CUNDINAMARCA","VILLAGOMEZ","25-871",NA,NA
"CALDAS","MARQUETALIA","17-444","5.29865089582","-75.0478539726"
"CUNDINAMARCA","VILLAPINZON","25-873","5.21481263033","-73.5968135965"
"CALDAS","MANZANARES","17-433","5.25410160582","-75.1535019918"
"CUNDINAMARCA","EL PEÑON","25-258","5.24908341275","-74.2901625904"
"TOLIMA","MARIQUITA","73-443","5.20016963007","-74.8893354654"
"TOLIMA","HONDA","73-349","5.20098204315","-74.7417614867"
"CUNDINAMARCA","CUCUNUBA","25-224","5.25059033207","-73.766310612"
"CALDAS","ANSERMA","17-042","5.23807382965","-75.7839965823"
"TOLIMA","FRESNO","73-283","5.15358768839","-75.0361949825"
"BOYACA","SAN EDUARDO","15-660","5.22420661716","-73.0766026379"
"CALDAS","NEIRA","17-486","5.16641593633","-75.5197693228"
"CUNDINAMARCA","LA PEÑA","25-398",NA,NA
"CUNDINAMARCA","PACHO","25-513","5.1508200093","-74.1461795404"
"CUNDINAMARCA","SUTATAUSA","25-781","5.2473689617","-73.8530083914"
"RISARALDA","BELEN DE UMBRIA","66-088","5.20081910209","-75.8684957854"
"BOYACA","CHINAVITA","15-172","5.16741662868","-73.3686289379"
"BOYACA","BERBEO","15-090","5.2271520402","-73.1268643511"
"BOYACA","UMBITA","15-842","5.21775307518","-73.4574526682"
"CUNDINAMARCA","TAUSA","25-793","5.19568350829","-73.8875918059"
"CUNDINAMARCA","UTICA","25-851","5.19089695391","-74.4835295388"
"CHOCO","CONDOTO","27-205","5.09350793861","-76.6465174314"
"RISARALDA","APIA","66-045","5.1061188187","-75.941059973"
"CUNDINAMARCA","CHOCONTA","25-183","5.14485856952","-73.6832205258"
"CHOCO","ISTMINA","27-361","5.15335100326","-76.6860015418"
"CUNDINAMARCA","SUESCA","25-772","5.10343692597","-73.7983610513"
"BOYACA","MIRAFLORES","15-455","5.19594580009","-73.14486261"
"CUNDINAMARCA","NIMAIMA","25-489",NA,NA
"CUNDINAMARCA","VERGARA","25-862","5.11812063068","-74.3454678068"
"BOYACA","PAEZ","15-514","2.64531146532","-75.9719235642"
"CASANARE","OROCUE","85-230","4.79003391817","-71.3381053762"
"CALDAS","RISARALDA","17-616","5.15940031424","-75.7706314648"
"BOYACA","PACHAVITA","15-511",NA,NA
"BOYACA","GARAGOA","15-299","5.08228084885","-73.3647669702"
"TOLIMA","FALAN","73-270","5.11932413169","-74.955500479"
"CUNDINAMARCA","COGUA","25-200","5.06180883195","-73.9782582487"
"CALDAS","MANIZALES","17-001","5.05705056379","-75.4904150625"
"TOLIMA","HERVEO","73-347","5.07994522497","-75.1782250336"
"CASANARE","TAURAMENA","85-410","5.01312278938","-72.7477361123"
"CALDAS","SAN JOSE","17-665","5.08264286212","-75.7916509882"
"CUNDINAMARCA","ZIPAQUIRA","25-899","5.02348294157","-73.9924030664"
"CUNDINAMARCA","QUEBRADANEGRA","25-592",NA,NA
"TOLIMA","PALOCABILDO","73-520",NA,NA
"CUNDINAMARCA","NEMOCON","25-486","5.06759181007","-73.8788906876"
"BOYACA","LA CAPILLA","15-380","5.09555866963","-73.445010629"
"CALDAS","PALESTINA","17-524","1.72319912364","-76.1328690995"
"CALDAS","VITERBO","17-877","5.06286441938","-75.8707592879"
"CUNDINAMARCA","MACHETA","25-426","5.0799154903","-73.6065091545"
"TOLIMA","ARMERO","73-055","5.02900045806","-74.884169344"
"CUNDINAMARCA","TIBIRITA","25-807","5.05244592211","-73.5046538029"
"TOLIMA","CASABIANCA","73-152","5.07914791303","-75.1197910712"
"RISARALDA","SANTUARIO","66-687","5.07367695867","-75.9646784973"
"CUNDINAMARCA","SUPATA","25-777","5.06181223997","-74.2358358078"
"CUNDINAMARCA","NOCAIMA","25-491","5.06941560618","-74.3774736098"
"BOYACA","CAMPOHERMOSO","15-135","5.00775391152","-73.144860988"
"BOYACA","TENZA","15-798","5.0768315662","-73.4216511523"
"CUNDINAMARCA","VILLETA","25-875","5.00942832997","-74.4728933192"
"CHOCO","NOVITA","27-491","4.9560945273","-76.6070694539"
"CUNDINAMARCA","SESQUILE","25-736","5.0451953391","-73.7967351846"
"CUNDINAMARCA","SUBACHOQUE","25-769","4.92837400479","-74.1722359631"
"CALDAS","BELALCAZAR","17-088","4.99517768145","-75.8038072984"
"CALDAS","CHINCHINA","17-174","4.98551800459","-75.6063849663"
"CASANARE","MANI","85-139","4.81684480839","-72.2801607687"
"RISARALDA","LA CELIA","66-383","5.00337011185","-76.0031932924"
"CUNDINAMARCA","LA VEGA","25-402","2.00463839075","-76.7815037392"
"BOYACA","GUATEQUE","15-322","5.00708724993","-73.4722844817"
"RISARALDA","MARSELLA","66-440","4.93666531666","-75.7385271493"
"CALDAS","VILLAMARIA","17-873","4.95994125575","-75.5512346168"
"CUNDINAMARCA","MANTA","25-436","5.00919863012","-73.5404699987"
"TOLIMA","VILLAHERMOSA","73-870","5.03029544523","-75.117789876"
"BOYACA","MACANAL","15-425","4.97221733095","-73.319521182"
"BOYACA","SUTATENZA","15-778","5.02324263103","-73.4520467214"
"CUNDINAMARCA","GACHANCIPA","25-295","4.99105037518","-73.872917556"
"CUNDINAMARCA","SASAIMA","25-718","4.96211397458","-74.4329479077"
"CUNDINAMARCA","SAN FRANCISCO","25-658","1.17674026489","-76.875892028"
"CASANARE","MONTERREY","85-162","4.87941196756","-72.8890956447"
"CUNDINAMARCA","TOCANCIPA","25-817","4.96514274816","-73.9117458065"
"RISARALDA","BALBOA","66-075","2.04139355858","-77.2165412103"
"CUNDINAMARCA","CHAGUANI","25-168","4.94773060064","-74.592714462"
"BOYACA","SOMONDOCO","15-761","4.98580939218","-73.4333122291"
"CUNDINAMARCA","TABIO","25-785","4.9164173473","-74.0984754623"
"CHOCO","SAN JOSE DEL PALMAR","27-660","4.89467123826","-76.235669636"
"BOYACA","ALMEIDA","15-022",NA,NA
"CUNDINAMARCA","GUATAVITA","25-326","4.93396486437","-73.8333374514"
"VALLE DEL CAUCA","EL AGUILA","76-243","4.9098804712","-76.0413378052"
"BOYACA","GUAYATA","15-325","4.96682008754","-73.4901186533"
"CASANARE","SABANALARGA","85-300","10.6338334111","-74.9206251244"
"CUNDINAMARCA","CAJICA","25-126","4.92087291414","-74.0236365343"
"CUNDINAMARCA","SAN JUAN DE RIOSECO","25-662","4.84725315287","-74.621655905"
"RISARALDA","SANTA ROSA DE CABAL","66-682","4.87650859907","-75.6240743865"
"CUNDINAMARCA","VIANI","25-867","4.87524411005","-74.5614873454"
"CUNDINAMARCA","SOPO","25-758","4.90694243699","-73.9388852876"
"BOYACA","SAN LUIS DE GACENO","15-667","4.81870508097","-73.1688722705"
"TOLIMA","LIBANO","73-411","4.91611360304","-75.0532201721"
"TOLIMA","LERIDA","73-408","4.86105174121","-74.9116022877"
"CUNDINAMARCA","ALBAN","25-019","4.87608226929","-74.4366988598"
"CUNDINAMARCA","GACHETA","25-297","4.81632975702","-73.636486426"
"CUNDINAMARCA","GUAYABAL DE SIQUIMA","25-328","4.87794137161","-74.4673483566"
"BOYACA","SANTA MARIA","15-690","2.93871220405","-75.5867989746"
"TOLIMA","AMBALEMA","73-030","4.78538612936","-74.7617986138"
"RISARALDA","LA VIRGINIA","66-400","4.89834379545","-75.8796584309"
"CUNDINAMARCA","GUASCA","25-322","4.86754875217","-73.878069051"
"CUNDINAMARCA","EL ROSAL","25-260",NA,NA
"BOYACA","CHIVOR","15-236","4.88876763021","-73.3698003698"
"CUNDINAMARCA","CHIA","25-175","4.86580207151","-74.0496481882"
"TOLIMA","MURILLO","73-461","4.87540969341","-75.1703186573"
"RISARALDA","PEREIRA","66-001","4.80888773215","-75.7155099202"
"CUNDINAMARCA","TENJO","25-799","4.87171577268","-74.1434518171"
"CUNDINAMARCA","BITUIMA","25-095","4.87203567751","-74.5396970208"
"CUNDINAMARCA","FACATATIVA","25-269","4.81224201458","-74.3510146905"
"RISARALDA","DOSQUEBRADAS","66-170","4.83463403327","-75.675182816"
"CUNDINAMARCA","UBALA","25-839","4.74817719383","-73.5323067672"
"VALLE DEL CAUCA","ANSERMANUEVO","76-041","4.79322314547","-75.9916051896"
"META","PUERTO GAITAN","50-568","4.31202705989","-72.082954864"
"CUNDINAMARCA","MADRID","25-430","4.73284520314","-74.2667554524"
"VALLE DEL CAUCA","EL CAIRO","76-246","4.75849388321","-76.2234172512"
"CUNDINAMARCA","COTA","25-214","4.8087009681","-74.1029336394"
"CUNDINAMARCA","BELTRAN","25-086",NA,NA
"CUNDINAMARCA","ANOLAIMA","25-040","4.76166116785","-74.4637806503"
"BOGOTA D.C","BOGOTA D.C.","11-001","4.62457504964","-74.1139187163"
"CUNDINAMARCA","JUNIN","25-372","4.79029733471","-73.662973651"
"VALLE DEL CAUCA","CARTAGO","76-147","4.73852191576","-75.911513294"
"CHOCO","SIPI","27-745","4.65411491722","-76.6433845475"
"CUNDINAMARCA","LA CALERA","25-377","4.72014400857","-73.9701238854"
"VALLE DEL CAUCA","ARGELIA","76-054","2.32514027006","-77.2550909133"
"CUNDINAMARCA","ZIPACON","25-898","4.76009498133","-74.3794037269"
"TOLIMA","VENADILLO","73-861","4.71677806822","-74.9293838114"
"CUNDINAMARCA","QUIPILE","25-596","4.74473436","-74.5334510616"
"TOLIMA","SANTA ISABEL","73-686","1.19200057658","-76.9689800339"
"TOLIMA","SANTA ISABEL","73-686","4.71380797974","-75.0946715077"
"CUNDINAMARCA","FUNZA","25-286","4.70865653894","-74.2019793976"
"CUNDINAMARCA","GACHALA","25-293","4.69319201434","-73.5208054785"
"CUNDINAMARCA","GAMA","25-299","4.76258311838","-73.6107849968"
"CUNDINAMARCA","BOJACA","25-099","4.74148625686","-74.3475631168"
"CUNDINAMARCA","PULI","25-580",NA,NA
"CUNDINAMARCA","CACHIPAY","25-123","4.73092890716","-74.4359526602"
"VALLE DEL CAUCA","ULLOA","76-845",NA,NA
"CUNDINAMARCA","TENA","25-797","4.6552672945","-74.3896312414"
"CUNDINAMARCA","PARATEBUENO","25-530","4.37502628853","-73.2128638635"
"CUNDINAMARCA","MOSQUERA","25-473","4.71430462524","-74.2282684727"
"TOLIMA","ANZOATEGUI","73-043","4.63284669704","-75.0932838261"
"VALLE DEL CAUCA","VERSALLES","76-863","4.57582061586","-76.1995094028"
"QUINDIO","FILANDIA","63-272","4.67600719085","-75.656183215"
"CASANARE","VILLANUEVA","85-440","10.610184984","-72.9775939067"
"QUINDIO","SALENTO","63-690","4.63727979262","-75.5707958324"
"VALLE DEL CAUCA","TORO","76-823","4.60848895439","-76.0784077771"
"TOLIMA","ALVARADO","73-026","4.56816462109","-74.9521517538"
"CUNDINAMARCA","LA MESA","25-386","4.63537372117","-74.4542881209"
"VALLE DEL CAUCA","ALCALA","76-020","4.67394189929","-75.7756614608"
"CUNDINAMARCA","FOMEQUE","25-279","4.48489559982","-73.8927335149"
"META","BARRANCA DE UPIA","50-110","4.56906866688","-72.966582101"
"QUINDIO","CIRCASIA","63-190","4.61512679433","-75.6356141135"
"TOLIMA","IBAGUE","73-001","4.4396307255","-75.1963501468"
"CUNDINAMARCA","CHOACHI","25-181","4.52901585653","-73.9229671902"
"CUNDINAMARCA","SAN ANTONIO DEL TEQUENDAMA","25-645","4.61607411706","-74.3518163072"
"CUNDINAMARCA","JERUSALEN","25-368","4.56243784729","-74.6946601122"
"CUNDINAMARCA","MEDINA","25-438","4.50865387796","-73.3505279079"
"QUINDIO","QUIMBAYA","63-594","4.62330250711","-75.7629666878"
"CUNDINAMARCA","SOACHA","25-754","4.58639001648","-74.1949015405"
"CUNDINAMARCA","ANAPOIMA","25-035","4.56299758972","-74.5306692069"
"TOLIMA","PIEDRAS","73-547","4.54450576723","-74.8765096607"
"CUNDINAMARCA","APULO","25-599","4.52796012335","-74.5892974772"
"VALLE DEL CAUCA","OBANDO","76-497","4.57493085648","-75.9747307562"
"CUNDINAMARCA","EL COLEGIO","25-245","4.57826466852","-74.442739512"
"CUNDINAMARCA","TOCAIMA","25-815","4.46092251893","-74.6359025106"
"CUNDINAMARCA","GUATAQUI","25-324",NA,NA
"TOLIMA","CAJAMARCA","73-124","4.43777027275","-75.4337958576"
"VALLE DEL CAUCA","LA UNION","76-400","1.59247717673","-77.128385668"
"QUINDIO","MONTENEGRO","63-470","4.5629703568","-75.7508086191"
"QUINDIO","ARMENIA","63-001","4.53805331619","-75.6762454094"
"VALLE DEL CAUCA","EL DOVIO","76-250","4.50991498952","-76.2372660275"
"VALLE DEL CAUCA","LA VICTORIA","76-403","4.52444084112","-76.0362142089"
"CUNDINAMARCA","UBAQUE","25-841","4.48378896934","-73.9341737281"
"CUNDINAMARCA","GRANADA","25-312","3.5349351906","-73.698477557"
"QUINDIO","CALARCA","63-130","4.51619928578","-75.6490942155"
"CHOCO","EL LITORAL DEL SAN JUAN","27-250",NA,NA
"CUNDINAMARCA","SIBATE","25-740","4.48787134322","-74.258749391"
"META","SAN JUANITO","50-686",NA,NA
"VALLE DEL CAUCA","ROLDANILLO","76-622","4.4135483937","-76.1510315894"
"QUINDIO","LA TEBAIDA","63-401","4.45288108378","-75.7885139466"
"CUNDINAMARCA","VIOTA","25-878","4.44050176757","-74.5229563819"
"CUNDINAMARCA","SILVANIA","25-743","4.38132922601","-74.404636826"
"TOLIMA","COELLO","73-200",NA,NA
"VALLE DEL CAUCA","ZARZAL","76-895","4.39042846549","-76.0717481661"
"CUNDINAMARCA","CHIPAQUE","25-178","4.44253070667","-74.0445981737"
"VALLE DEL CAUCA","SEVILLA","76-736","4.26719134689","-75.9311573268"
"META","EL CALVARIO","50-245","4.35217015755","-73.713455028"
"CUNDINAMARCA","CAQUEZA","25-151","4.40366546922","-73.9465739177"
"CUNDINAMARCA","NARIÑO","25-483",NA,NA
"META","CABUYARO","50-124",NA,NA
"VALLE DEL CAUCA","BOLIVAR","76-100","1.83756270293","-76.9667571992"
"CUNDINAMARCA","GIRARDOT","25-307","4.30370548896","-74.8104629426"
"VALLE DEL CAUCA","CAICEDONIA","76-122","4.34062227774","-75.8365343901"
"QUINDIO","CORDOBA","63-212","0.853665965806","-77.51806895"
"QUINDIO","BUENAVISTA","63-111",NA,NA
"META","RESTREPO","50-606","3.82289988625","-76.5250791446"
"CUNDINAMARCA","UNE","25-845","4.40260375845","-74.0252070679"
"META","PUERTO LOPEZ","50-573","4.09347367871","-72.9559283195"
"CUNDINAMARCA","AGUA DE DIOS","25-001","4.37585313348","-74.6695456055"
"CUNDINAMARCA","PASCA","25-535","4.31027283605","-74.3049760038"
"CUNDINAMARCA","FUSAGASUGA","25-290","4.33774814193","-74.3663679701"
"TOLIMA","ROVIRA","73-624","4.23948330632","-75.2406831254"
"CUNDINAMARCA","QUETAME","25-594","4.32984569491","-73.8629352741"
"CUNDINAMARCA","TIBACUY","25-805","4.34801043663","-74.4525463161"
"QUINDIO","PIJAO","63-548","4.33531325126","-75.702514102"
"CUNDINAMARCA","RICAURTE","25-612",NA,NA
"CUNDINAMARCA","FOSCA","25-281","4.33873601179","-73.9392954783"
"CUNDINAMARCA","NILO","25-488","4.30686374054","-74.6205087644"
"QUINDIO","GENOVA","63-302","4.2077456618","-75.7895561047"
"VALLE DEL CAUCA","BUGALAGRANDE","76-113","4.20815303943","-76.157715207"
"TOLIMA","RONCESVALLES","73-622","4.0112275185","-75.606139052"
"TOLIMA","SAN LUIS","73-678","4.13388114891","-75.0958703911"
"META","VILLAVICENCIO","50-001","4.12295758045","-73.626877897"
"CUNDINAMARCA","GUTIERREZ","25-339","4.25493902272","-74.002986808"
"META","CUMARAL","50-226","4.26706185387","-73.4874864381"
"TOLIMA","FLANDES","73-275","4.28279453042","-74.8105553573"
"CUNDINAMARCA","ARBELAEZ","25-053","4.27225989155","-74.4160840125"
"TOLIMA","VALLE DE SAN JUAN","73-854",NA,NA
"VALLE DEL CAUCA","TRUJILLO","76-828","4.20933453331","-76.3216244643"
"TOLIMA","MELGAR","73-449","4.20542800178","-74.6269661858"
"TOLIMA","ICONONZO","73-352","4.17413014301","-74.5279984191"
"CUNDINAMARCA","GUAYABETAL","25-335","4.2170694586","-73.8170325455"
"TOLIMA","SUAREZ","73-770","2.95488168766","-76.695829783"
"VALLE DEL CAUCA","BUENAVENTURA","76-109","3.8736635476","-77.020565216"
"CUNDINAMARCA","PANDI","25-524","4.19123152625","-74.4867344587"
"TOLIMA","CARMEN DE APICALA","73-148",NA,NA
"VALLE DEL CAUCA","ANDALUCIA","76-036","4.17671561529","-76.164666371"
"TOLIMA","ESPINAL","73-268","4.15071173193","-74.8842257807"
"TOLIMA","GUAMO","73-319","4.02995546446","-74.9714950458"
"META","ACACIAS","50-006","3.99101402796","-73.7656023437"
"CUNDINAMARCA","SAN BERNARDO","25-649","1.51443104538","-77.0470896311"
"VALLE DEL CAUCA","RIOFRIO","76-616","4.1574581031","-76.2906271153"
"VALLE DEL CAUCA","TULUA","76-834","4.08535846473","-76.1971756038"
"VALLE DEL CAUCA","SAN PEDRO","76-670","3.99415724449","-76.229433837"
"TOLIMA","CUNDAY","73-226","4.05974687946","-74.6932717766"
"VALLE DEL CAUCA","DARIEN","76-126","3.93522394764","-76.4842233721"
"TOLIMA","ORTEGA","73-504","3.93505594095","-75.2207941366"
"CUNDINAMARCA","VENECIA","25-506","4.08916639341","-74.4777195337"
"TOLIMA","SAN ANTONIO","73-675","3.91585542943","-75.4771786037"
"VALLE DEL CAUCA","YOTOCO","76-890","3.86106676244","-76.3830866804"
"META","GUAMAL","50-318","3.87974360369","-73.7701203762"
"CUNDINAMARCA","CABRERA","25-120","3.98482848051","-74.4842837632"
"VALLE DEL CAUCA","BUGA","76-111","3.90140102727","-76.298934041"
"GUAINIA","INIRIDA","94-001","3.87032554774","-67.918283684"
"TOLIMA","CHAPARRAL","73-168","3.72576111019","-75.4835822098"
"TOLIMA","PURIFICACION","73-585","3.86033814253","-74.9266266553"
"META","CUBARRAL","50-223","3.79490489067","-73.8350109557"
"META","SAN CARLOS DE GUAROA","50-680","3.7105344843","-73.2415894176"
"TOLIMA","VILLARRICA","73-873","3.93692155457","-74.6005986903"
"TOLIMA","SALDAÑA","73-671","3.92679713246","-75.016636739"
"TOLIMA","COYAIMA","73-217","3.79872369111","-75.1962077778"
"META","CASTILLA LA NUEVA","50-150","3.82798261678","-73.689021563"
"VALLE DEL CAUCA","DAGUA","76-233","3.65739350075","-76.6891747623"
"META","SAN MARTIN","50-689","3.70161052639","-73.6959721847"
"VALLE DEL CAUCA","RESTREPO","76-606","3.82289988625","-76.5250791446"
"VALLE DEL CAUCA","VIJES","76-869",NA,NA
"VALLE DEL CAUCA","GUACARI","76-318","3.76199549423","-76.3335063129"
"TOLIMA","PRADO","73-563","3.74982800963","-74.927275778"
"VALLE DEL CAUCA","GINEBRA","76-306","3.72490001451","-76.2688695408"
"HUILA","COLOMBIA","41-206","3.37652482145","-74.8028951615"
"VALLE DEL CAUCA","LA CUMBRE","76-377","3.64718929344","-76.5681664632"
"VALLE DEL CAUCA","EL CERRITO","76-248","3.68475027511","-76.3117340825"
"TOLIMA","DOLORES","73-236","3.53844375037","-74.8974337106"
"GUAINIA","CACAHUAL","94-886",NA,NA
"VALLE DEL CAUCA","PALMIRA","76-520","3.53293733103","-76.29821561"
"TOLIMA","RIOBLANCO","73-616","3.53021377748","-75.6446841365"
"META","EL DORADO","50-270",NA,NA
"GUAINIA","BARRANCO MINAS","94-343",NA,NA
"TOLIMA","NATAGAIMA","73-483","3.62051386577","-75.0905960235"
"META","LA URIBE","50-370",NA,NA
"META","LEJANIAS","50-400","3.52569113573","-74.0244023458"
"META","EL CASTILLO","50-251","3.56471902834","-73.7941628752"
"VALLE DEL CAUCA","YUMBO","76-892","3.54053354875","-76.4976116712"
"TOLIMA","ATACO","73-067","3.5911648673","-75.3824540225"
"META","GRANADA","50-313","3.5349351906","-73.698477557"
"VALLE DEL CAUCA","CALI","76-001","3.40638218413","-76.5263911952"
"META","MESETAS","50-330","3.3822458552","-74.0443664191"
"META","FUENTE DE ORO","50-287","3.46151538939","-73.6199889818"
"TOLIMA","ALPUJARRA","73-024","3.39179995739","-74.9325662896"
"VALLE DEL CAUCA","PRADERA","76-563","3.4194377673","-76.2410411119"
"META","PUERTO LLERAS","50-577","3.26940842044","-73.3731786644"
"VALLE DEL CAUCA","CANDELARIA","76-130","10.4591778633","-74.8791248338"
"META","MAPIRIPAN","50-325","2.89200026032","-72.1332494945"
"HUILA","VILLAVIEJA","41-872","3.21924054733","-75.2181443889"
"HUILA","AIPE","41-016","3.22356323875","-75.2411436021"
"VALLE DEL CAUCA","FLORIDA","76-275","3.32440450257","-76.2347321504"
"TOLIMA","PLANADAS","73-555","3.19702137702","-75.6437838795"
"VALLE DEL CAUCA","JAMUNDI","76-364","3.26418634132","-76.5388095508"
"META","SAN JUAN DE ARAMA","50-683","3.36910742699","-73.8708009368"
"CAUCA","PUERTO TEJADA","19-573","3.23265929318","-76.4170683658"
"CAUCA","MIRANDA","19-455","3.25189406596","-76.229670428"
"HUILA","BARAYA","41-078","3.15327369237","-75.0542906664"
"CAUCA","PADILLA","19-513","3.22299731562","-76.3130175883"
"CAUCA","LOPEZ","19-418","2.84591662511","-77.2482770971"
"HUILA","NEIVA","41-001","2.93554559251","-75.2779458694"
"CAUCA","CALOTO","19-142","3.03315836268","-76.408484604"
"CAUCA","CORINTO","19-212","3.17565160975","-76.2616272807"
"META","VISTAHERMOSA","50-711","3.12759895118","-73.7525233173"
"HUILA","TELLO","41-799","3.06742822979","-75.1392351017"
"CAUCA","SANTANDER DE QUILICHAO","19-698","3.01128796768","-76.4853458905"
"META","PUERTO RICO","50-590","1.91091861998","-75.1580393577"
"CAUCA","BUENOS AIRES","19-110",NA,NA
"CAUCA","TORIBIO","19-821","2.95370196906","-76.2704930209"
"GUAINIA","PUERTO COLOMBIA","94-884",NA,NA
"HUILA","SANTA MARIA","41-676","2.93871220405","-75.5867989746"
"HUILA","PALERMO","41-524","2.8866588236","-75.4327850915"
"CAUCA","SUAREZ","19-780","2.95488168766","-76.695829783"
"CAUCA","PAEZ","19-517","2.64531146532","-75.9719235642"
"HUILA","TERUEL","41-801","2.74125546099","-75.5677286846"
"CAUCA","JAMBALO","19-364",NA,NA
"CAUCA","CALDONO","19-137","2.79750888116","-76.4847018162"
"CAUCA","TIMBIQUI","19-809","2.71201153608","-77.3847023161"
"CAQUETA","SAN VICENTE DEL CAGUAN","18-753","1.30930863408","-74.2193898159"
"CAUCA","MORALES","19-473","2.74930602502","-76.6255849081"
"HUILA","IQUIRA","41-357","2.65000134507","-75.6350419181"
"HUILA","RIVERA","41-615","2.77789683275","-75.2548587698"
"GUAVIARE","SAN JOSE DEL GUAVIARE","95-001","2.57047809895","-72.6400959977"
"CAUCA","EL TAMBO","19-256","1.40798382917","-77.390751149"
"META","PUERTO CONCORDIA","50-450","2.62379154225","-72.7571004622"
"CAUCA","PIENDAMO","19-548","2.63758943296","-76.5273955374"
"CAUCA","SILVIA","19-743","2.61512301644","-76.3727784185"
"CAUCA","CAJIBIO","19-130","2.62303108857","-76.570385642"
"HUILA","NATAGA","41-483","2.54618538725","-75.8093159945"
"HUILA","CAMPOALEGRE","41-132","2.68418035182","-75.3260352533"
"CAUCA","GUAPI","19-318","2.57198998096","-77.8854667538"
"HUILA","YAGUARA","41-885","2.66479668805","-75.5182961686"
"HUILA","ALGECIRAS","41-020","2.52255590499","-75.3156946519"
"HUILA","TESALIA","41-797","2.48591120241","-75.7274434437"
"NARIÑO","SANTA BARBARA","52-696",NA,NA
"CAUCA","INZA","19-355","2.54873811501","-76.0639665737"
"META","LA MACARENA","50-350","2.18362946977","-73.7864661865"
"NARIÑO","EL CHARCO","52-250","2.4758772781","-78.1083281297"
"HUILA","HOBO","41-349","2.58346785394","-75.4526284391"
"CAUCA","TOTORO","19-824","2.51119762737","-76.3981705509"
"NARIÑO","MOSQUERA","52-473",NA,NA
"NARIÑO","LA TOLA","52-390","2.39792155095","-78.1897982893"
"CAUCA","POPAYAN","19-001","2.43835548047","-76.640426845"
"HUILA","GIGANTE","41-306","2.38783133576","-75.5457294756"
"HUILA","LA PLATA","41-396","2.38932771847","-75.8911122161"
"GUAINIA","SAN FELIPE","94-883",NA,NA
"NARIÑO","OLAYA  HERRERA","52-490",NA,NA
"CAUCA","TIMBIO","19-807","2.34972061446","-76.6778696915"
"HUILA","PAICOL","41-518","2.44961436155","-75.7750976769"
"NARIÑO","FRANCISCO PIZARRO","52-520","2.03926684074","-78.6582827821"
"CAUCA","SOTARA","19-760","2.25321720309","-76.6141709676"
"CAUCA","PURACE","19-585","2.38112661665","-76.4551928003"
"CAUCA","ARGELIA","19-050","2.32514027006","-77.2550909133"
"HUILA","AGRADO","41-013","2.26001844092","-75.7710499139"
"CAQUETA","PUERTO RICO","18-592","1.91091861998","-75.1580393577"
"CAUCA","PATIA","19-532","2.25547448667","-77.1200126233"
"GUAINIA","PANA PANA","94-887",NA,NA
"HUILA","PITAL","41-548","2.26725490632","-75.8048973405"
"CAUCA","ROSAS","19-622",NA,NA
"HUILA","GARZON","41-298","2.19565280171","-75.6267382299"
"NARIÑO","ROBERTO PAYAN","52-621","1.69698691823","-78.2446761093"
"CAUCA","LA SIERRA","19-392","2.17704168214","-76.7632022599"
"CAQUETA","EL DONCELLO","18-247","1.67906350715","-75.2828373662"
"GUAVIARE","EL RETORNO","95-025","2.33079719736","-72.6279707884"
"HUILA","LA ARGENTINA","41-378","2.19897948866","-75.9791654498"
"CAUCA","BALBOA","19-075","2.04139355858","-77.2165412103"
"HUILA","TARQUI","41-791","2.10954161946","-75.8267661971"
"NARIÑO","MAGUI","52-427","1.90955456261","-78.0839854773"
"HUILA","OPORAPA","41-503","2.02415893714","-75.9975535895"
"NARIÑO","LEIVA","52-405","1.93449673792","-77.3066651005"
"CAUCA","LA VEGA","19-397","2.00463839075","-76.7815037392"
"CAQUETA","FLORENCIA","18-001","1.61582907928","-75.6079932658"
"HUILA","SALADOBLANCO","41-660",NA,NA
"HUILA","GUADALUPE","41-319","2.02297348548","-75.7590386418"
"HUILA","SAN AGUSTIN","41-668","1.88147214878","-76.2708135539"
"HUILA","ALTAMIRA","41-026","2.06340890548","-75.7886555897"
"HUILA","ISNOS","41-359","1.93035577877","-76.2145418301"
"NARIÑO","TUMACO","52-835","1.75029972282","-78.789400969"
"CAUCA","BOLIVAR","19-100","1.83756270293","-76.9667571992"
"HUILA","ELIAS","41-244","2.01339620267","-75.9381064222"
"VAUPES","PAPUNAUA","97-777",NA,NA
"HUILA","SUAZA","41-770","1.97693441471","-75.7946571509"
"CAUCA","SAN SEBASTIAN","19-693","1.90039533627","-76.6711180206"
"HUILA","TIMANA","41-807","1.97430010243","-75.9323485772"
"CAUCA","ALMAGUER","19-022","1.91525377527","-76.8528174101"
"GUAVIARE","CALAMAR","95-015",NA,NA
"CAUCA","MERCADERES","19-450","1.80307505355","-77.1687293641"
"HUILA","PITALITO","41-551","1.85414505113","-76.0404004061"
"NARIÑO","POLICARPA","52-540","1.62869823451","-77.4587713765"
"CAUCA","SANTA ROSA","19-701",NA,NA
"NARIÑO","EL ROSARIO","52-256","1.74490322467","-77.3346286535"
"HUILA","ACEVEDO","41-006","1.8043274263","-75.8919935956"
"CAQUETA","EL PAUJIL","18-256","1.57049113684","-75.3267456512"
"GUAVIARE","MIRAFLORES","95-200",NA,NA
"HUILA","PALESTINA","41-530","1.72319912364","-76.1328690995"
"CAQUETA","LA MONTAÑITA","18-410","1.48833022079","-75.4361470337"
"NARIÑO","CUMBITARA","52-233","1.64767179037","-77.5784311039"
"NARIÑO","BARBACOAS","52-079","1.67357164668","-78.1382611994"
"CAQUETA","BELEN DE LOS ANDAQUIES","18-094","1.41997507453","-75.8692688364"
"CAUCA","FLORENCIA","19-290","1.61582907928","-75.6079932658"
"NARIÑO","LOS ANDES","52-418","1.49420521996","-77.5210875385"
"NARIÑO","SAN PABLO","52-693","1.66915803917","-77.0127283397"
"VAUPES","CARURU","97-161",NA,NA
"NARIÑO","TAMINANGO","52-786","1.57012763762","-77.2807279183"
"NARIÑO","COLON","52-203","1.19200057658","-76.9689800339"
"NARIÑO","LA UNION","52-399","1.59247717673","-77.128385668"
"NARIÑO","SAN LORENZO","52-687","1.50282726517","-77.2152315266"
"GUAINIA","LA GUADALUPE","94-885",NA,NA
"VAUPES","MITU","97-001","1.25117078854","-70.2349602618"
"NARIÑO","LA CRUZ","52-378","1.60014416755","-76.9711823702"
"NARIÑO","BELEN","52-083","1.59564430447","-77.016287834"
"CAQUETA","MORELIA","18-479","1.48803902537","-75.7265584717"
"NARIÑO","LA LLANADA","52-385","1.47292218692","-77.5800004243"
"NARIÑO","SAN PEDRO DE CARTAGO","52-694","1.5520849352","-77.1207419723"
"NARIÑO","SAN BERNARDO","52-685","1.51443104538","-77.0470896311"
"NARIÑO","ALBAN","52-019",NA,NA
"NARIÑO","ARBOLEDA","52-051","1.50342205984","-77.1354496867"
"NARIÑO","SAMANIEGO","52-678","1.33227290978","-77.6007321214"
"CAUCA","PIAMONTE","19-533","1.11567690787","-76.3267213883"
"NARIÑO","EL TAMBO","52-260","1.40798382917","-77.390751149"
"CAQUETA","SAN JOSE DEL FRAGUA","18-610","1.33172583849","-75.9736618541"
"NARIÑO","CHACHAGUI","52-240",NA,NA
"NARIÑO","EL TABLON DE GOMEZ","52-258","1.42729321308","-77.0973463182"
"NARIÑO","LINARES","52-411","1.35127830979","-77.5236269197"
"NARIÑO","RICAURTE","52-612","1.21122770251","-77.9939922255"
"NARIÑO","BUESACO","52-110","1.40074964583","-77.1242931672"
"NARIÑO","SANTA CRUZ","52-699","1.22164529241","-77.6772944592"
"NARIÑO","LA FLORIDA","52-381","1.29916722678","-77.4073937557"
"CAQUETA","CARTAGENA DEL CHAIRA","18-150","1.3340194073","-74.8475720157"
"PUTUMAYO","MOCOA","86-001","1.14428450756","-76.6519175009"
"NARIÑO","SANDONA","52-683","1.28128758136","-77.4773138188"
"CAQUETA","VALPARAISO","18-860","1.19761525166","-75.7053662852"
"CAQUETA","MILAN","18-460","1.29064424048","-75.507530311"
"CAQUETA","ALBANIA","18-029","1.32903377181","-75.8786522147"
"NARIÑO","PASTO","52-001","1.0557848325","-77.1955147333"
"NARIÑO","PROVIDENCIA","52-565","1.2379913538","-77.5965444343"
"NARIÑO","MALLAMA","52-435","1.14084161818","-77.8646583337"
"NARIÑO","ANCUYA","52-036","1.26245062268","-77.5146115719"
"PUTUMAYO","SAN FRANCISCO","86-755","1.17674026489","-76.875892028"
"NARIÑO","TUQUERRES","52-838","1.08663901074","-77.6178536323"
"NARIÑO","CONSACA","52-207","1.20719433138","-77.4657184135"
"PUTUMAYO","SIBUNDOY","86-749","1.2030862151","-76.9212871804"
"NARIÑO","GUAITARILLA","52-320","1.13086900013","-77.5479120563"
"CAQUETA","CURILLO","18-205","1.03365529502","-75.9203547685"
"NARIÑO","YACUANQUER","52-885","1.11562696069","-77.4029913489"
"PUTUMAYO","COLON","86-219","1.19200057658","-76.9689800339"
"CAQUETA","SOLANO","18-756","0.988639312542","-75.0658449751"
"NARIÑO","TANGUA","52-788","1.09479364234","-77.3942990576"
"PUTUMAYO","SANTIAGO","86-760","1.1465700937","-77.0025114068"
"NARIÑO","IMUES","52-354","1.0551982914","-77.4965675723"
"NARIÑO","SAPUYES","52-720","1.03717522709","-77.6222392123"
"NARIÑO","FUNES","52-287","1.00112078455","-77.4493739891"
"CAQUETA","SOLITA","18-785",NA,NA
"NARIÑO","CUMBAL","52-227","0.906450846049","-77.7912420697"
"NARIÑO","OSPINA","52-506","1.0588340604","-77.5661809508"
"PUTUMAYO","VILLAGARZON","86-885","1.02995420604","-76.6168096886"
"VAUPES","YAVARATE","97-889",NA,NA
"NARIÑO","GUACHUCAL","52-317","0.960368495971","-77.7316556305"
"PUTUMAYO","PUERTO GUZMAN","86-571","0.963896881051","-76.4080321934"
"NARIÑO","ILES","52-352","0.968495857115","-77.5213951381"
"NARIÑO","PUPIALES","52-585","0.8709910533","-77.6396036189"
"NARIÑO","GUALMATAN","52-323","0.919358440058","-77.5664755001"
"PUTUMAYO","ORITO","86-320","0.676020477109","-76.8802098557"
"NARIÑO","ALDANA","52-022","0.88224359638","-77.7003748185"
"NARIÑO","CONTADERO","52-210","0.908386320471","-77.5478326274"
"NARIÑO","PUERRES","52-573","0.883414835877","-77.5030051333"
"NARIÑO","CUASPUD","52-224","0.7365252068","-77.4378844704"
"NARIÑO","CORDOBA","52-215","0.853665965806","-77.51806895"
"NARIÑO","IPIALES","52-356","0.829031718872","-77.646095663"
"NARIÑO","POTOSI","52-560","0.7365252068","-77.4378844704"
"VAUPES","PACOA","97-511",NA,NA
"PUTUMAYO","PUERTO CAICEDO","86-569","0.685064178774","-76.6045178173"
"PUTUMAYO","PUERTO LEGUIZAMO","86-573","-0.184973168422","-74.7836699476"
"PUTUMAYO","PUERTO ASIS","86-568","0.504218750676","-76.4978366718"
"PUTUMAYO","VALLE DEL GUAMUEZ","86-865","0.423905142192","-76.9050395058"
"PUTUMAYO","SAN MIGUEL","86-757",NA,NA
"AMAZONAS","MIRITI-PARANA","91-460",NA,NA
"VAUPES","TARAIRA","97-666",NA,NA
"AMAZONAS","PUERTO SANTANDER","91-669","-1.0986758956768","-71.939286893897"
"AMAZONAS","LA CHORRERA","91-405","-1.2423641464413","-72.7588253369472"
"AMAZONAS","LA PEDRERA","91-407","-1.4323734428449","-70.035395399943"
"AMAZONAS","EL ENCANTO","91-263","-2.0086230627875","-72.724005861231"
"AMAZONAS","TARAPACA","91-798","-2.4594107942004","-70.0016249985574"
"AMAZONAS","LETICIA","91-001","-4.21202316969","-69.9406798289"
"AMAZONAS","PUERTO NARIÑO","91-540","-3.7899163029","-70.3564801394"
"SUCRE","EL ROBLE","70-233",NA,NA
"LA GUAJIRA","LA JAGUA DEL PILAR","44-420",NA,NA
"LA GUAJIRA","ALBANIA","44-035",NA,NA
"MAGDALENA","ZONA BANANERA","47-980","10.9052488307","-74.1727095958"
"MAGDALENA","ALGARROBO","47-030",NA,NA
"MAGDALENA","CONCORDIA","47-205","10.2576584509","-74.8334493147"
"MAGDALENA","ZAPAYAN","47-960",NA,NA
"BOLIVAR","ARROYOHONDO","13-062",NA,NA
"MAGDALENA","SABANAS DE SAN ANGEL","47-660",NA,NA
"MAGDALENA","NUEVA GRANADA","47-460",NA,NA
"MAGDALENA","SANTA BARBARA DE PINTO","47-720","9.48407099608","-74.6646296726"
"GUAINIA","MAPIRIPANA","94-663",NA,NA
"GUAINIA","MORICHAL","94-888",NA,NA
"AMAZONAS","LA VICTORIA","91-430",NA,NA
"AMAZONAS","PUERTO ARICA","91-536",NA,NA
"AMAZONAS","PUERTO ALEGRIA","91-530",NA,NA
"NARIÑO","EL PEÑOL","52-254","1.45363406894","-77.4398362894"
"NARIÑO","NARIÑO","52-480",NA,NA
"CAUCA","SUCRE","19-785",NA,NA
"CAUCA","VILLA RICA","19-845","3.17492271254","-76.4616137142"
"SUCRE","SANTIAGO DE TOLU","70-820","9.50881495881","-75.5881183393"
"SUCRE","COVEÑAS","70-221",NA,NA
"CALDAS","LA DORADA","17-380","5.44389999408","-74.6744521523"
"CALDAS","NORCASIA","17-495","5.575276372","-74.8891796242"
"CALDAS","SAMANA","17-662","5.41307433334","-74.9923802605"
"CHOCO","MEDIO ATRATO","27-425",NA,NA
"CHOCO","ATRATO","27-050","5.53113252017","-76.6361819732"
"CHOCO","RIO QUITO","27-600",NA,NA
"CHOCO","CERTEGUI","27-160",NA,NA
"CHOCO","UNION PANAMERICANA","27-810",NA,NA
"CHOCO","MEDIO BAUDO","27-430",NA,NA
"CHOCO","RIO IRO","27-580",NA,NA
"CHOCO","MEDIO SAN JUAN","27-450","5.09660896906","-76.6955301156"
"CHOCO","BELEN DE BAJIRA","27-086",NA,NA
"ANTIOQUIA","MUTATA","05-480","7.24396317282","-76.4367046955"
"CHOCO","CARMEN DEL DARIEN","27-150",NA,NA
"ARCHIPIELAGO DE SAN ANDRES, PROVIDENCIA Y SANTA CATALINA","SAN ANDRES","88-001","12.5829884179","-81.6960414806"
"ARCHIPIELAGO DE SAN ANDRES, PROVIDENCIA Y SANTA CATALINA","SANTA CATALINA","88-564",NA,NA
"ARCHIPIELAGO DE SAN ANDRES, PROVIDENCIA Y SANTA CATALINA","PROVIDENCIA","88-564","1.2379913538","-77.5965444343"
"AMAZONAS","SEDE AMAZONIA","s_amazonia","-4.189787","-69.938876"
"BOGOTA D.C","SEDE BOGOTA","s_bogota","4.636445","-74.082885"
"ARCHIPIELAGO DE SAN ANDRES, PROVIDENCIA Y SANTA CANTALINA","SEDE CARIBE","s_caribe","12.536244","-81.707912"
"ANTIOQUIA","SEDE MEDELLIN","s_medellin","6.261541","-75.577196"
"CALDAS","SEDE MANIZALES","s_manizales","5.056195","-75.490887"
"VALLE DEL CAUCA","SEDE PALMIRA","s_palmira","3.512328","-76.30749"
